{
  "accuracy": 0.8879274824886692,
  "f1_macro": 0.885982341480939,
  "balanced_accuracy": 0.8889692408513552,
  "model_name": "Random Forest",
  "params": {
    "n_estimators": 1000,
    "random_state": 10
  },
  "use_user_data": true,
  "user_id": 1,
  "key": "e2a3612752e07999ab3e0badf130d544"
}